GEO.id,GEO.id2,GEO.display-label,HD01_VD01,HD02_VD01
Id,Id2,Geography,Estimate; Median gross rent,Margin of Error; Median gross rent
1500000US250173011022,250173011022,"Block Group 2, Census Tract 3011.02, Middlesex County, Massachusetts",$-,$**
1500000US250173102002,250173102002,"Block Group 2, Census Tract 3102, Middlesex County, Massachusetts",$-,$**
1500000US250173106013,250173106013,"Block Group 3, Census Tract 3106.01, Middlesex County, Massachusetts",$-,$**
1500000US250173114002,250173114002,"Block Group 2, Census Tract 3114, Middlesex County, Massachusetts",$-,$**
1500000US250173116003,250173116003,"Block Group 3, Census Tract 3116, Middlesex County, Massachusetts",$-,$**
1500000US250173116005,250173116005,"Block Group 5, Census Tract 3116, Middlesex County, Massachusetts",$-,$**
1500000US250173125022,250173125022,"Block Group 2, Census Tract 3125.02, Middlesex County, Massachusetts",$-,$**
1500000US250173131013,250173131013,"Block Group 3, Census Tract 3131.01, Middlesex County, Massachusetts",$-,$**
1500000US250173131021,250173131021,"Block Group 1, Census Tract 3131.02, Middlesex County, Massachusetts",$-,$**
1500000US250173131024,250173131024,"Block Group 4, Census Tract 3131.02, Middlesex County, Massachusetts",$-,$**
1500000US250173141011,250173141011,"Block Group 1, Census Tract 3141.01, Middlesex County, Massachusetts",$-,$**
1500000US250173141021,250173141021,"Block Group 1, Census Tract 3141.02, Middlesex County, Massachusetts",$-,$**
1500000US250173141022,250173141022,"Block Group 2, Census Tract 3141.02, Middlesex County, Massachusetts",$-,$**
1500000US250173143012,250173143012,"Block Group 2, Census Tract 3143.01, Middlesex County, Massachusetts",$-,$**
1500000US250173143013,250173143013,"Block Group 3, Census Tract 3143.01, Middlesex County, Massachusetts",$-,$**
1500000US250173151001,250173151001,"Block Group 1, Census Tract 3151, Middlesex County, Massachusetts",$-,$**
1500000US250173154021,250173154021,"Block Group 1, Census Tract 3154.02, Middlesex County, Massachusetts",$-,$**
1500000US250173154031,250173154031,"Block Group 1, Census Tract 3154.03, Middlesex County, Massachusetts",$-,$**
1500000US250173155001,250173155001,"Block Group 1, Census Tract 3155, Middlesex County, Massachusetts",$-,$**
1500000US250173155002,250173155002,"Block Group 2, Census Tract 3155, Middlesex County, Massachusetts",$-,$**
1500000US250173155003,250173155003,"Block Group 3, Census Tract 3155, Middlesex County, Massachusetts",$-,$**
1500000US250173155004,250173155004,"Block Group 4, Census Tract 3155, Middlesex County, Massachusetts",$-,$**
1500000US250173155005,250173155005,"Block Group 5, Census Tract 3155, Middlesex County, Massachusetts",$-,$**
1500000US250173161011,250173161011,"Block Group 1, Census Tract 3161.01, Middlesex County, Massachusetts",$-,$**
1500000US250173161012,250173161012,"Block Group 2, Census Tract 3161.01, Middlesex County, Massachusetts",$-,$**
1500000US250173161023,250173161023,"Block Group 3, Census Tract 3161.02, Middlesex County, Massachusetts",$-,$**
1500000US250173162011,250173162011,"Block Group 1, Census Tract 3162.01, Middlesex County, Massachusetts",$-,$**
1500000US250173162012,250173162012,"Block Group 2, Census Tract 3162.01, Middlesex County, Massachusetts",$-,$**
1500000US250173162013,250173162013,"Block Group 3, Census Tract 3162.01, Middlesex County, Massachusetts",$-,$**
1500000US250173162022,250173162022,"Block Group 2, Census Tract 3162.02, Middlesex County, Massachusetts",$-,$**
1500000US250173162023,250173162023,"Block Group 3, Census Tract 3162.02, Middlesex County, Massachusetts",$-,$**
1500000US250173163002,250173163002,"Block Group 2, Census Tract 3163, Middlesex County, Massachusetts",$-,$**
1500000US250173163004,250173163004,"Block Group 4, Census Tract 3163, Middlesex County, Massachusetts",$-,$**
1500000US250173163006,250173163006,"Block Group 6, Census Tract 3163, Middlesex County, Massachusetts",$-,$**
1500000US250173164001,250173164001,"Block Group 1, Census Tract 3164, Middlesex County, Massachusetts",$-,$**
1500000US250173164002,250173164002,"Block Group 2, Census Tract 3164, Middlesex County, Massachusetts",$-,$**
1500000US250173164003,250173164003,"Block Group 3, Census Tract 3164, Middlesex County, Massachusetts",$-,$**
1500000US250173164004,250173164004,"Block Group 4, Census Tract 3164, Middlesex County, Massachusetts",$-,$**
1500000US250173164005,250173164005,"Block Group 5, Census Tract 3164, Middlesex County, Massachusetts",$-,$**
1500000US250173164006,250173164006,"Block Group 6, Census Tract 3164, Middlesex County, Massachusetts",$-,$**
1500000US250173165005,250173165005,"Block Group 5, Census Tract 3165, Middlesex County, Massachusetts",$-,$**
1500000US250173171013,250173171013,"Block Group 3, Census Tract 3171.01, Middlesex County, Massachusetts",$-,$**
1500000US250173171031,250173171031,"Block Group 1, Census Tract 3171.03, Middlesex County, Massachusetts",$-,$**
1500000US250173171033,250173171033,"Block Group 3, Census Tract 3171.03, Middlesex County, Massachusetts",$-,$**
1500000US250173172011,250173172011,"Block Group 1, Census Tract 3172.01, Middlesex County, Massachusetts",$-,$**
1500000US250173172012,250173172012,"Block Group 2, Census Tract 3172.01, Middlesex County, Massachusetts",$-,$**
1500000US250173172022,250173172022,"Block Group 2, Census Tract 3172.02, Middlesex County, Massachusetts",$-,$**
1500000US250173172031,250173172031,"Block Group 1, Census Tract 3172.03, Middlesex County, Massachusetts",$-,$**
1500000US250173173021,250173173021,"Block Group 1, Census Tract 3173.02, Middlesex County, Massachusetts",$-,$**
1500000US250173181001,250173181001,"Block Group 1, Census Tract 3181, Middlesex County, Massachusetts",$-,$**
1500000US250173181002,250173181002,"Block Group 2, Census Tract 3181, Middlesex County, Massachusetts",$-,$**
1500000US250173181003,250173181003,"Block Group 3, Census Tract 3181, Middlesex County, Massachusetts",$-,$**
1500000US250173181004,250173181004,"Block Group 4, Census Tract 3181, Middlesex County, Massachusetts",$-,$**
1500000US250173183001,250173183001,"Block Group 1, Census Tract 3183, Middlesex County, Massachusetts",$-,$**
1500000US250173183003,250173183003,"Block Group 3, Census Tract 3183, Middlesex County, Massachusetts",$-,$**
1500000US250173183004,250173183004,"Block Group 4, Census Tract 3183, Middlesex County, Massachusetts",$-,$**
1500000US250173201021,250173201021,"Block Group 1, Census Tract 3201.02, Middlesex County, Massachusetts",$-,$**
1500000US250173201042,250173201042,"Block Group 2, Census Tract 3201.04, Middlesex County, Massachusetts",$-,$**
1500000US250173211003,250173211003,"Block Group 3, Census Tract 3211, Middlesex County, Massachusetts",$-,$**
1500000US250173216003,250173216003,"Block Group 3, Census Tract 3216, Middlesex County, Massachusetts",$-,$**
1500000US250173221002,250173221002,"Block Group 2, Census Tract 3221, Middlesex County, Massachusetts",$-,$**
1500000US250173221003,250173221003,"Block Group 3, Census Tract 3221, Middlesex County, Massachusetts",$-,$**
1500000US250173221004,250173221004,"Block Group 4, Census Tract 3221, Middlesex County, Massachusetts",$-,$**
1500000US250173224003,250173224003,"Block Group 3, Census Tract 3224, Middlesex County, Massachusetts",$-,$**
1500000US250173231001,250173231001,"Block Group 1, Census Tract 3231, Middlesex County, Massachusetts",$-,$**
1500000US250173231002,250173231002,"Block Group 2, Census Tract 3231, Middlesex County, Massachusetts",$-,$**
1500000US250173241011,250173241011,"Block Group 1, Census Tract 3241.01, Middlesex County, Massachusetts",$-,$**
1500000US250173241021,250173241021,"Block Group 1, Census Tract 3241.02, Middlesex County, Massachusetts",$-,$**
1500000US250173271011,250173271011,"Block Group 1, Census Tract 3271.01, Middlesex County, Massachusetts",$-,$**
1500000US250173271012,250173271012,"Block Group 2, Census Tract 3271.01, Middlesex County, Massachusetts",$-,$**
1500000US250173281002,250173281002,"Block Group 2, Census Tract 3281, Middlesex County, Massachusetts",$-,$**
1500000US250173301001,250173301001,"Block Group 1, Census Tract 3301, Middlesex County, Massachusetts",$-,$**
1500000US250173301002,250173301002,"Block Group 2, Census Tract 3301, Middlesex County, Massachusetts",$-,$**
1500000US250173301003,250173301003,"Block Group 3, Census Tract 3301, Middlesex County, Massachusetts",$-,$**
1500000US250173301004,250173301004,"Block Group 4, Census Tract 3301, Middlesex County, Massachusetts",$-,$**
1500000US250173301005,250173301005,"Block Group 5, Census Tract 3301, Middlesex County, Massachusetts",$-,$**
1500000US250173302002,250173302002,"Block Group 2, Census Tract 3302, Middlesex County, Massachusetts",$-,$**
1500000US250173311021,250173311021,"Block Group 1, Census Tract 3311.02, Middlesex County, Massachusetts",$-,$**
1500000US250173311024,250173311024,"Block Group 4, Census Tract 3311.02, Middlesex County, Massachusetts",$-,$**
1500000US250173313001,250173313001,"Block Group 1, Census Tract 3313, Middlesex County, Massachusetts",$-,$**
1500000US250173313002,250173313002,"Block Group 2, Census Tract 3313, Middlesex County, Massachusetts",$-,$**
1500000US250173313003,250173313003,"Block Group 3, Census Tract 3313, Middlesex County, Massachusetts",$-,$**
1500000US250173321001,250173321001,"Block Group 1, Census Tract 3321, Middlesex County, Massachusetts",$-,$**
1500000US250173321002,250173321002,"Block Group 2, Census Tract 3321, Middlesex County, Massachusetts",$-,$**
1500000US250173321003,250173321003,"Block Group 3, Census Tract 3321, Middlesex County, Massachusetts",$-,$**
1500000US250173321004,250173321004,"Block Group 4, Census Tract 3321, Middlesex County, Massachusetts",$-,$**
1500000US250173323001,250173323001,"Block Group 1, Census Tract 3323, Middlesex County, Massachusetts",$-,$**
1500000US250173323002,250173323002,"Block Group 2, Census Tract 3323, Middlesex County, Massachusetts",$-,$**
1500000US250173323003,250173323003,"Block Group 3, Census Tract 3323, Middlesex County, Massachusetts",$-,$**
1500000US250173323005,250173323005,"Block Group 5, Census Tract 3323, Middlesex County, Massachusetts",$-,$**
1500000US250173331004,250173331004,"Block Group 4, Census Tract 3331, Middlesex County, Massachusetts",$-,$**
1500000US250173331005,250173331005,"Block Group 5, Census Tract 3331, Middlesex County, Massachusetts",$-,$**
1500000US250173336002,250173336002,"Block Group 2, Census Tract 3336, Middlesex County, Massachusetts",$-,$**
1500000US250173341002,250173341002,"Block Group 2, Census Tract 3341, Middlesex County, Massachusetts",$-,$**
1500000US250173342001,250173342001,"Block Group 1, Census Tract 3342, Middlesex County, Massachusetts",$-,$**
1500000US250173343001,250173343001,"Block Group 1, Census Tract 3343, Middlesex County, Massachusetts",$-,$**
1500000US250173343002,250173343002,"Block Group 2, Census Tract 3343, Middlesex County, Massachusetts",$-,$**
1500000US250173344001,250173344001,"Block Group 1, Census Tract 3344, Middlesex County, Massachusetts",$-,$**
1500000US250173351001,250173351001,"Block Group 1, Census Tract 3351, Middlesex County, Massachusetts",$-,$**
1500000US250173351006,250173351006,"Block Group 6, Census Tract 3351, Middlesex County, Massachusetts",$-,$**
1500000US250173352001,250173352001,"Block Group 1, Census Tract 3352, Middlesex County, Massachusetts",$-,$**
1500000US250173352002,250173352002,"Block Group 2, Census Tract 3352, Middlesex County, Massachusetts",$-,$**
1500000US250173352003,250173352003,"Block Group 3, Census Tract 3352, Middlesex County, Massachusetts",$-,$**
1500000US250173354001,250173354001,"Block Group 1, Census Tract 3354, Middlesex County, Massachusetts",$-,$**
1500000US250173354004,250173354004,"Block Group 4, Census Tract 3354, Middlesex County, Massachusetts",$-,$**
1500000US250173361003,250173361003,"Block Group 3, Census Tract 3361, Middlesex County, Massachusetts",$-,$**
1500000US250173361005,250173361005,"Block Group 5, Census Tract 3361, Middlesex County, Massachusetts",$-,$**
1500000US250173362001,250173362001,"Block Group 1, Census Tract 3362, Middlesex County, Massachusetts",$-,$**
1500000US250173362002,250173362002,"Block Group 2, Census Tract 3362, Middlesex County, Massachusetts",$-,$**
1500000US250173362003,250173362003,"Block Group 3, Census Tract 3362, Middlesex County, Massachusetts",$-,$**
1500000US250173362004,250173362004,"Block Group 4, Census Tract 3362, Middlesex County, Massachusetts",$-,$**
1500000US250173362006,250173362006,"Block Group 6, Census Tract 3362, Middlesex County, Massachusetts",$-,$**
1500000US250173362007,250173362007,"Block Group 7, Census Tract 3362, Middlesex County, Massachusetts",$-,$**
1500000US250173363002,250173363002,"Block Group 2, Census Tract 3363, Middlesex County, Massachusetts",$-,$**
1500000US250173363004,250173363004,"Block Group 4, Census Tract 3363, Middlesex County, Massachusetts",$-,$**
1500000US250173363005,250173363005,"Block Group 5, Census Tract 3363, Middlesex County, Massachusetts",$-,$**
1500000US250173364024,250173364024,"Block Group 4, Census Tract 3364.02, Middlesex County, Massachusetts",$-,$**
1500000US250173371011,250173371011,"Block Group 1, Census Tract 3371.01, Middlesex County, Massachusetts",$-,$**
1500000US250173372022,250173372022,"Block Group 2, Census Tract 3372.02, Middlesex County, Massachusetts",$-,$**
1500000US250173372024,250173372024,"Block Group 4, Census Tract 3372.02, Middlesex County, Massachusetts",$-,$**
1500000US250173373003,250173373003,"Block Group 3, Census Tract 3373, Middlesex County, Massachusetts",$-,$**
1500000US250173381001,250173381001,"Block Group 1, Census Tract 3381, Middlesex County, Massachusetts",$-,$**
1500000US250173384001,250173384001,"Block Group 1, Census Tract 3384, Middlesex County, Massachusetts",$-,$**
1500000US250173384002,250173384002,"Block Group 2, Census Tract 3384, Middlesex County, Massachusetts",$-,$**
1500000US250173384003,250173384003,"Block Group 3, Census Tract 3384, Middlesex County, Massachusetts",$-,$**
1500000US250173385001,250173385001,"Block Group 1, Census Tract 3385, Middlesex County, Massachusetts",$-,$**
1500000US250173385002,250173385002,"Block Group 2, Census Tract 3385, Middlesex County, Massachusetts",$-,$**
1500000US250173385003,250173385003,"Block Group 3, Census Tract 3385, Middlesex County, Massachusetts",$-,$**
1500000US250173391001,250173391001,"Block Group 1, Census Tract 3391, Middlesex County, Massachusetts",$-,$**
1500000US250173391005,250173391005,"Block Group 5, Census Tract 3391, Middlesex County, Massachusetts",$-,$**
1500000US250173392001,250173392001,"Block Group 1, Census Tract 3392, Middlesex County, Massachusetts",$-,$**
1500000US250173392002,250173392002,"Block Group 2, Census Tract 3392, Middlesex County, Massachusetts",$-,$**
1500000US250173392005,250173392005,"Block Group 5, Census Tract 3392, Middlesex County, Massachusetts",$-,$**
1500000US250173396003,250173396003,"Block Group 3, Census Tract 3396, Middlesex County, Massachusetts",$-,$**
1500000US250173401001,250173401001,"Block Group 1, Census Tract 3401, Middlesex County, Massachusetts",$-,$**
1500000US250173401002,250173401002,"Block Group 2, Census Tract 3401, Middlesex County, Massachusetts",$-,$**
1500000US250173401003,250173401003,"Block Group 3, Census Tract 3401, Middlesex County, Massachusetts",$-,$**
1500000US250173401006,250173401006,"Block Group 6, Census Tract 3401, Middlesex County, Massachusetts",$-,$**
1500000US250173411025,250173411025,"Block Group 5, Census Tract 3411.02, Middlesex County, Massachusetts",$-,$**
1500000US250173417001,250173417001,"Block Group 1, Census Tract 3417, Middlesex County, Massachusetts",$-,$**
1500000US250173501031,250173501031,"Block Group 1, Census Tract 3501.03, Middlesex County, Massachusetts",$-,$**
1500000US250173506001,250173506001,"Block Group 1, Census Tract 3506, Middlesex County, Massachusetts",$-,$**
1500000US250173530001,250173530001,"Block Group 1, Census Tract 3530, Middlesex County, Massachusetts",$-,$**
1500000US250173531021,250173531021,"Block Group 1, Census Tract 3531.02, Middlesex County, Massachusetts",$-,$**
1500000US250173531023,250173531023,"Block Group 3, Census Tract 3531.02, Middlesex County, Massachusetts",$-,$**
1500000US250173537003,250173537003,"Block Group 3, Census Tract 3537, Middlesex County, Massachusetts",$-,$**
1500000US250173564001,250173564001,"Block Group 1, Census Tract 3564, Middlesex County, Massachusetts",$-,$**
1500000US250173564004,250173564004,"Block Group 4, Census Tract 3564, Middlesex County, Massachusetts",$-,$**
1500000US250173564005,250173564005,"Block Group 5, Census Tract 3564, Middlesex County, Massachusetts",$-,$**
1500000US250173564006,250173564006,"Block Group 6, Census Tract 3564, Middlesex County, Massachusetts",$-,$**
1500000US250173564007,250173564007,"Block Group 7, Census Tract 3564, Middlesex County, Massachusetts",$-,$**
1500000US250173564008,250173564008,"Block Group 8, Census Tract 3564, Middlesex County, Massachusetts",$-,$**
1500000US250173565001,250173565001,"Block Group 1, Census Tract 3565, Middlesex County, Massachusetts",$-,$**
1500000US250173565006,250173565006,"Block Group 6, Census Tract 3565, Middlesex County, Massachusetts",$-,$**
1500000US250173566014,250173566014,"Block Group 4, Census Tract 3566.01, Middlesex County, Massachusetts",$-,$**
1500000US250173566022,250173566022,"Block Group 2, Census Tract 3566.02, Middlesex County, Massachusetts",$-,$**
1500000US250173566023,250173566023,"Block Group 3, Census Tract 3566.02, Middlesex County, Massachusetts",$-,$**
1500000US250173567022,250173567022,"Block Group 2, Census Tract 3567.02, Middlesex County, Massachusetts",$-,$**
1500000US250173567024,250173567024,"Block Group 4, Census Tract 3567.02, Middlesex County, Massachusetts",$-,$**
1500000US250173567026,250173567026,"Block Group 6, Census Tract 3567.02, Middlesex County, Massachusetts",$-,$**
1500000US250173571001,250173571001,"Block Group 1, Census Tract 3571, Middlesex County, Massachusetts",$-,$**
1500000US250173572002,250173572002,"Block Group 2, Census Tract 3572, Middlesex County, Massachusetts",$-,$**
1500000US250173572003,250173572003,"Block Group 3, Census Tract 3572, Middlesex County, Massachusetts",$-,$**
1500000US250173572004,250173572004,"Block Group 4, Census Tract 3572, Middlesex County, Massachusetts",$-,$**
1500000US250173578001,250173578001,"Block Group 1, Census Tract 3578, Middlesex County, Massachusetts",$-,$**
1500000US250173578003,250173578003,"Block Group 3, Census Tract 3578, Middlesex County, Massachusetts",$-,$**
1500000US250173581001,250173581001,"Block Group 1, Census Tract 3581, Middlesex County, Massachusetts",$-,$**
1500000US250173583002,250173583002,"Block Group 2, Census Tract 3583, Middlesex County, Massachusetts",$-,$**
1500000US250173586001,250173586001,"Block Group 1, Census Tract 3586, Middlesex County, Massachusetts",$-,$**
1500000US250173586003,250173586003,"Block Group 3, Census Tract 3586, Middlesex County, Massachusetts",$-,$**
1500000US250173586005,250173586005,"Block Group 5, Census Tract 3586, Middlesex County, Massachusetts",$-,$**
1500000US250173586006,250173586006,"Block Group 6, Census Tract 3586, Middlesex County, Massachusetts",$-,$**
1500000US250173587002,250173587002,"Block Group 2, Census Tract 3587, Middlesex County, Massachusetts",$-,$**
1500000US250173591001,250173591001,"Block Group 1, Census Tract 3591, Middlesex County, Massachusetts",$-,$**
1500000US250173593005,250173593005,"Block Group 5, Census Tract 3593, Middlesex County, Massachusetts",$-,$**
1500000US250173602001,250173602001,"Block Group 1, Census Tract 3602, Middlesex County, Massachusetts",$-,$**
1500000US250173602002,250173602002,"Block Group 2, Census Tract 3602, Middlesex County, Massachusetts",$-,$**
1500000US250173611005,250173611005,"Block Group 5, Census Tract 3611, Middlesex County, Massachusetts",$-,$**
1500000US250173613004,250173613004,"Block Group 4, Census Tract 3613, Middlesex County, Massachusetts",$-,$**
1500000US250173613005,250173613005,"Block Group 5, Census Tract 3613, Middlesex County, Massachusetts","$3,500+",$***
1500000US250173621001,250173621001,"Block Group 1, Census Tract 3621, Middlesex County, Massachusetts",$-,$**
1500000US250173631032,250173631032,"Block Group 2, Census Tract 3631.03, Middlesex County, Massachusetts",$-,$**
1500000US250173631042,250173631042,"Block Group 2, Census Tract 3631.04, Middlesex County, Massachusetts",$-,$**
1500000US250173631044,250173631044,"Block Group 4, Census Tract 3631.04, Middlesex County, Massachusetts",$-,$**
1500000US250173632012,250173632012,"Block Group 2, Census Tract 3632.01, Middlesex County, Massachusetts",$-,$**
1500000US250173641013,250173641013,"Block Group 3, Census Tract 3641.01, Middlesex County, Massachusetts",$-,$**
1500000US250173641023,250173641023,"Block Group 3, Census Tract 3641.02, Middlesex County, Massachusetts",$-,$**
1500000US250173641024,250173641024,"Block Group 4, Census Tract 3641.02, Middlesex County, Massachusetts",$-,$**
1500000US250173651001,250173651001,"Block Group 1, Census Tract 3651, Middlesex County, Massachusetts",$-,$**
1500000US250173651002,250173651002,"Block Group 2, Census Tract 3651, Middlesex County, Massachusetts",$-,$**
1500000US250173651003,250173651003,"Block Group 3, Census Tract 3651, Middlesex County, Massachusetts",$-,$**
1500000US250173652012,250173652012,"Block Group 2, Census Tract 3652.01, Middlesex County, Massachusetts",$-,$**
1500000US250173652013,250173652013,"Block Group 3, Census Tract 3652.01, Middlesex County, Massachusetts",$-,$**
1500000US250173652022,250173652022,"Block Group 2, Census Tract 3652.02, Middlesex County, Massachusetts",$-,$**
1500000US250173652023,250173652023,"Block Group 3, Census Tract 3652.02, Middlesex County, Massachusetts",$-,$**
1500000US250173661002,250173661002,"Block Group 2, Census Tract 3661, Middlesex County, Massachusetts",$-,$**
1500000US250173661003,250173661003,"Block Group 3, Census Tract 3661, Middlesex County, Massachusetts",$-,$**
1500000US250173662012,250173662012,"Block Group 2, Census Tract 3662.01, Middlesex County, Massachusetts",$-,$**
1500000US250173662022,250173662022,"Block Group 2, Census Tract 3662.02, Middlesex County, Massachusetts",$-,$**
1500000US250173662023,250173662023,"Block Group 3, Census Tract 3662.02, Middlesex County, Massachusetts",$-,$**
1500000US250173671001,250173671001,"Block Group 1, Census Tract 3671, Middlesex County, Massachusetts","$3,500+",$***
1500000US250173671002,250173671002,"Block Group 2, Census Tract 3671, Middlesex County, Massachusetts",$-,$**
1500000US250173671003,250173671003,"Block Group 3, Census Tract 3671, Middlesex County, Massachusetts",$-,$**
1500000US250173672003,250173672003,"Block Group 3, Census Tract 3672, Middlesex County, Massachusetts",$-,$**
1500000US250173672004,250173672004,"Block Group 4, Census Tract 3672, Middlesex County, Massachusetts",$-,$**
1500000US250173672005,250173672005,"Block Group 5, Census Tract 3672, Middlesex County, Massachusetts",$-,$**
1500000US250173672006,250173672006,"Block Group 6, Census Tract 3672, Middlesex County, Massachusetts",$-,$**
1500000US250173681011,250173681011,"Block Group 1, Census Tract 3681.01, Middlesex County, Massachusetts",$-,$**
1500000US250173684004,250173684004,"Block Group 4, Census Tract 3684, Middlesex County, Massachusetts",$-,$**
1500000US250173689011,250173689011,"Block Group 1, Census Tract 3689.01, Middlesex County, Massachusetts",$-,$**
1500000US250173689012,250173689012,"Block Group 2, Census Tract 3689.01, Middlesex County, Massachusetts",$-,$**
1500000US250173689014,250173689014,"Block Group 4, Census Tract 3689.01, Middlesex County, Massachusetts",$-,$**
1500000US250173691003,250173691003,"Block Group 3, Census Tract 3691, Middlesex County, Massachusetts",$-,$**
1500000US250173703001,250173703001,"Block Group 1, Census Tract 3703, Middlesex County, Massachusetts",$-,$**
1500000US250173733001,250173733001,"Block Group 1, Census Tract 3733, Middlesex County, Massachusetts",$-,$**
1500000US250173735001,250173735001,"Block Group 1, Census Tract 3735, Middlesex County, Massachusetts",$-,$**
1500000US250173738004,250173738004,"Block Group 4, Census Tract 3738, Middlesex County, Massachusetts",$-,$**
1500000US250173739002,250173739002,"Block Group 2, Census Tract 3739, Middlesex County, Massachusetts",$-,$**
1500000US250173739003,250173739003,"Block Group 3, Census Tract 3739, Middlesex County, Massachusetts",$-,$**
1500000US250173739004,250173739004,"Block Group 4, Census Tract 3739, Middlesex County, Massachusetts",$-,$**
1500000US250173740003,250173740003,"Block Group 3, Census Tract 3740, Middlesex County, Massachusetts",$-,$**
1500000US250173742003,250173742003,"Block Group 3, Census Tract 3742, Middlesex County, Massachusetts",$-,$**
1500000US250173743003,250173743003,"Block Group 3, Census Tract 3743, Middlesex County, Massachusetts",$-,$**
1500000US250173744001,250173744001,"Block Group 1, Census Tract 3744, Middlesex County, Massachusetts",$-,$**
1500000US250173744002,250173744002,"Block Group 2, Census Tract 3744, Middlesex County, Massachusetts",$-,$**
1500000US250173744003,250173744003,"Block Group 3, Census Tract 3744, Middlesex County, Massachusetts",$-,$**
1500000US250173821002,250173821002,"Block Group 2, Census Tract 3821, Middlesex County, Massachusetts",$-,$**
1500000US250173821003,250173821003,"Block Group 3, Census Tract 3821, Middlesex County, Massachusetts",$-,$**
1500000US250173821004,250173821004,"Block Group 4, Census Tract 3821, Middlesex County, Massachusetts",$-,$**
1500000US250173823003,250173823003,"Block Group 3, Census Tract 3823, Middlesex County, Massachusetts",$-,$**
1500000US250173824003,250173824003,"Block Group 3, Census Tract 3824, Middlesex County, Massachusetts",$-,$**
1500000US250173826013,250173826013,"Block Group 3, Census Tract 3826.01, Middlesex County, Massachusetts",$-,$**
1500000US250173837001,250173837001,"Block Group 1, Census Tract 3837, Middlesex County, Massachusetts",$-,$**
1500000US250173837004,250173837004,"Block Group 4, Census Tract 3837, Middlesex County, Massachusetts",$-,$**
1500000US250173838002,250173838002,"Block Group 2, Census Tract 3838, Middlesex County, Massachusetts",$-,$**
1500000US250173838003,250173838003,"Block Group 3, Census Tract 3838, Middlesex County, Massachusetts",$-,$**
1500000US250173838005,250173838005,"Block Group 5, Census Tract 3838, Middlesex County, Massachusetts",$-,$**
1500000US250173839011,250173839011,"Block Group 1, Census Tract 3839.01, Middlesex County, Massachusetts",$-,$**
1500000US250173839012,250173839012,"Block Group 2, Census Tract 3839.01, Middlesex County, Massachusetts",$-,$**
1500000US250173839014,250173839014,"Block Group 4, Census Tract 3839.01, Middlesex County, Massachusetts",$-,$**
1500000US250173839015,250173839015,"Block Group 5, Census Tract 3839.01, Middlesex County, Massachusetts",$-,$**
1500000US250173839021,250173839021,"Block Group 1, Census Tract 3839.02, Middlesex County, Massachusetts",$-,$**
1500000US250173839023,250173839023,"Block Group 3, Census Tract 3839.02, Middlesex County, Massachusetts",$-,$**
1500000US250173840022,250173840022,"Block Group 2, Census Tract 3840.02, Middlesex County, Massachusetts",$-,$**
1500000US250173852022,250173852022,"Block Group 2, Census Tract 3852.02, Middlesex County, Massachusetts",$-,$**
1500000US250173861001,250173861001,"Block Group 1, Census Tract 3861, Middlesex County, Massachusetts",$-,$**
1500000US250173861003,250173861003,"Block Group 3, Census Tract 3861, Middlesex County, Massachusetts",$-,$**
1500000US250173871003,250173871003,"Block Group 3, Census Tract 3871, Middlesex County, Massachusetts",$-,$**
1500000US250173871004,250173871004,"Block Group 4, Census Tract 3871, Middlesex County, Massachusetts",$-,$**
1500000US250173872013,250173872013,"Block Group 3, Census Tract 3872.01, Middlesex County, Massachusetts",$-,$**
1500000US250173872014,250173872014,"Block Group 4, Census Tract 3872.01, Middlesex County, Massachusetts",$-,$**
1500000US250173872021,250173872021,"Block Group 1, Census Tract 3872.02, Middlesex County, Massachusetts",$-,$**
1500000US250173872022,250173872022,"Block Group 2, Census Tract 3872.02, Middlesex County, Massachusetts",$-,$**
1500000US250173882001,250173882001,"Block Group 1, Census Tract 3882, Middlesex County, Massachusetts",$-,$**
1500000US250179800001,250179800001,"Block Group 1, Census Tract 9800, Middlesex County, Massachusetts",$-,$**
1500000US250214006003,250214006003,"Block Group 3, Census Tract 4006, Norfolk County, Massachusetts",$-,$**
1500000US250214012002,250214012002,"Block Group 2, Census Tract 4012, Norfolk County, Massachusetts",$-,$**
1500000US250214023001,250214023001,"Block Group 1, Census Tract 4023, Norfolk County, Massachusetts",$-,$**
1500000US250214023002,250214023002,"Block Group 2, Census Tract 4023, Norfolk County, Massachusetts",$-,$**
1500000US250214024002,250214024002,"Block Group 2, Census Tract 4024, Norfolk County, Massachusetts",$-,$**
1500000US250214024003,250214024003,"Block Group 3, Census Tract 4024, Norfolk County, Massachusetts",$-,$**
1500000US250214024004,250214024004,"Block Group 4, Census Tract 4024, Norfolk County, Massachusetts",$-,$**
1500000US250214024005,250214024005,"Block Group 5, Census Tract 4024, Norfolk County, Massachusetts",$-,$**
1500000US250214031001,250214031001,"Block Group 1, Census Tract 4031, Norfolk County, Massachusetts",$-,$**
1500000US250214031002,250214031002,"Block Group 2, Census Tract 4031, Norfolk County, Massachusetts",$-,$**
1500000US250214031003,250214031003,"Block Group 3, Census Tract 4031, Norfolk County, Massachusetts",$-,$**
1500000US250214031004,250214031004,"Block Group 4, Census Tract 4031, Norfolk County, Massachusetts",$-,$**
1500000US250214031005,250214031005,"Block Group 5, Census Tract 4031, Norfolk County, Massachusetts",$-,$**
1500000US250214031006,250214031006,"Block Group 6, Census Tract 4031, Norfolk County, Massachusetts",$-,$**
1500000US250214031007,250214031007,"Block Group 7, Census Tract 4031, Norfolk County, Massachusetts",$-,$**
1500000US250214033002,250214033002,"Block Group 2, Census Tract 4033, Norfolk County, Massachusetts",$-,$**
1500000US250214033003,250214033003,"Block Group 3, Census Tract 4033, Norfolk County, Massachusetts",$-,$**
1500000US250214034001,250214034001,"Block Group 1, Census Tract 4034, Norfolk County, Massachusetts",$-,$**
1500000US250214034002,250214034002,"Block Group 2, Census Tract 4034, Norfolk County, Massachusetts",$-,$**
1500000US250214034004,250214034004,"Block Group 4, Census Tract 4034, Norfolk County, Massachusetts",$-,$**
1500000US250214041003,250214041003,"Block Group 3, Census Tract 4041, Norfolk County, Massachusetts",$-,$**
1500000US250214042011,250214042011,"Block Group 1, Census Tract 4042.01, Norfolk County, Massachusetts",$-,$**
1500000US250214042012,250214042012,"Block Group 2, Census Tract 4042.01, Norfolk County, Massachusetts",$-,$**
1500000US250214042013,250214042013,"Block Group 3, Census Tract 4042.01, Norfolk County, Massachusetts",$-,$**
1500000US250214042023,250214042023,"Block Group 3, Census Tract 4042.02, Norfolk County, Massachusetts",$-,$**
1500000US250214043011,250214043011,"Block Group 1, Census Tract 4043.01, Norfolk County, Massachusetts",$-,$**
1500000US250214043012,250214043012,"Block Group 2, Census Tract 4043.01, Norfolk County, Massachusetts",$-,$**
1500000US250214043013,250214043013,"Block Group 3, Census Tract 4043.01, Norfolk County, Massachusetts",$-,$**
1500000US250214043014,250214043014,"Block Group 4, Census Tract 4043.01, Norfolk County, Massachusetts",$-,$**
1500000US250214043015,250214043015,"Block Group 5, Census Tract 4043.01, Norfolk County, Massachusetts",$-,$**
1500000US250214043023,250214043023,"Block Group 3, Census Tract 4043.02, Norfolk County, Massachusetts",$-,$**
1500000US250214044002,250214044002,"Block Group 2, Census Tract 4044, Norfolk County, Massachusetts",$-,$**
1500000US250214044003,250214044003,"Block Group 3, Census Tract 4044, Norfolk County, Massachusetts",$-,$**
1500000US250214051001,250214051001,"Block Group 1, Census Tract 4051, Norfolk County, Massachusetts",$-,$**
1500000US250214061012,250214061012,"Block Group 2, Census Tract 4061.01, Norfolk County, Massachusetts",$-,$**
1500000US250214061013,250214061013,"Block Group 3, Census Tract 4061.01, Norfolk County, Massachusetts",$-,$**
1500000US250214061023,250214061023,"Block Group 3, Census Tract 4061.02, Norfolk County, Massachusetts",$-,$**
1500000US250214071001,250214071001,"Block Group 1, Census Tract 4071, Norfolk County, Massachusetts",$-,$**
1500000US250214081011,250214081011,"Block Group 1, Census Tract 4081.01, Norfolk County, Massachusetts",$-,$**
1500000US250214081013,250214081013,"Block Group 3, Census Tract 4081.01, Norfolk County, Massachusetts",$-,$**
1500000US250214081014,250214081014,"Block Group 4, Census Tract 4081.01, Norfolk County, Massachusetts",$-,$**
1500000US250214091012,250214091012,"Block Group 2, Census Tract 4091.01, Norfolk County, Massachusetts",$-,$**
1500000US250214091013,250214091013,"Block Group 3, Census Tract 4091.01, Norfolk County, Massachusetts",$-,$**
1500000US250214091022,250214091022,"Block Group 2, Census Tract 4091.02, Norfolk County, Massachusetts",$-,$**
1500000US250214101001,250214101001,"Block Group 1, Census Tract 4101, Norfolk County, Massachusetts",$-,$**
1500000US250214101004,250214101004,"Block Group 4, Census Tract 4101, Norfolk County, Massachusetts",$-,$**
1500000US250214103001,250214103001,"Block Group 1, Census Tract 4103, Norfolk County, Massachusetts",$-,$**
1500000US250214104001,250214104001,"Block Group 1, Census Tract 4104, Norfolk County, Massachusetts",$-,$**
1500000US250214104003,250214104003,"Block Group 3, Census Tract 4104, Norfolk County, Massachusetts",$-,$**
1500000US250214111001,250214111001,"Block Group 1, Census Tract 4111, Norfolk County, Massachusetts",$-,$**
1500000US250214111004,250214111004,"Block Group 4, Census Tract 4111, Norfolk County, Massachusetts",$-,$**
1500000US250214111005,250214111005,"Block Group 5, Census Tract 4111, Norfolk County, Massachusetts",$-,$**
1500000US250214113011,250214113011,"Block Group 1, Census Tract 4113.01, Norfolk County, Massachusetts",$-,$**
1500000US250214113021,250214113021,"Block Group 1, Census Tract 4113.02, Norfolk County, Massachusetts",$-,$**
1500000US250214113022,250214113022,"Block Group 2, Census Tract 4113.02, Norfolk County, Massachusetts",$-,$**
1500000US250214121002,250214121002,"Block Group 2, Census Tract 4121, Norfolk County, Massachusetts",$-,$**
1500000US250214121003,250214121003,"Block Group 3, Census Tract 4121, Norfolk County, Massachusetts",$-,$**
1500000US250214121004,250214121004,"Block Group 4, Census Tract 4121, Norfolk County, Massachusetts",$-,$**
1500000US250214123001,250214123001,"Block Group 1, Census Tract 4123, Norfolk County, Massachusetts",$-,$**
1500000US250214123002,250214123002,"Block Group 2, Census Tract 4123, Norfolk County, Massachusetts",$-,$**
1500000US250214123003,250214123003,"Block Group 3, Census Tract 4123, Norfolk County, Massachusetts",$-,$**
1500000US250214131002,250214131002,"Block Group 2, Census Tract 4131, Norfolk County, Massachusetts",$-,$**
1500000US250214131003,250214131003,"Block Group 3, Census Tract 4131, Norfolk County, Massachusetts",$-,$**
1500000US250214133003,250214133003,"Block Group 3, Census Tract 4133, Norfolk County, Massachusetts",$-,$**
1500000US250214141001,250214141001,"Block Group 1, Census Tract 4141, Norfolk County, Massachusetts",$-,$**
1500000US250214141002,250214141002,"Block Group 2, Census Tract 4141, Norfolk County, Massachusetts",$-,$**
1500000US250214141003,250214141003,"Block Group 3, Census Tract 4141, Norfolk County, Massachusetts",$-,$**
1500000US250214142001,250214142001,"Block Group 1, Census Tract 4142, Norfolk County, Massachusetts",$-,$**
1500000US250214142002,250214142002,"Block Group 2, Census Tract 4142, Norfolk County, Massachusetts",$-,$**
1500000US250214142003,250214142003,"Block Group 3, Census Tract 4142, Norfolk County, Massachusetts",$-,$**
1500000US250214142004,250214142004,"Block Group 4, Census Tract 4142, Norfolk County, Massachusetts",$-,$**
1500000US250214153001,250214153001,"Block Group 1, Census Tract 4153, Norfolk County, Massachusetts",$-,$**
1500000US250214153002,250214153002,"Block Group 2, Census Tract 4153, Norfolk County, Massachusetts",$-,$**
1500000US250214161011,250214161011,"Block Group 1, Census Tract 4161.01, Norfolk County, Massachusetts",$-,$**
1500000US250214161013,250214161013,"Block Group 3, Census Tract 4161.01, Norfolk County, Massachusetts",$-,$**
1500000US250214161022,250214161022,"Block Group 2, Census Tract 4161.02, Norfolk County, Massachusetts",$-,$**
1500000US250214162002,250214162002,"Block Group 2, Census Tract 4162, Norfolk County, Massachusetts",$-,$**
1500000US250214162003,250214162003,"Block Group 3, Census Tract 4162, Norfolk County, Massachusetts",$-,$**
1500000US250214162004,250214162004,"Block Group 4, Census Tract 4162, Norfolk County, Massachusetts",$-,$**
1500000US250214162005,250214162005,"Block Group 5, Census Tract 4162, Norfolk County, Massachusetts",$-,$**
1500000US250214162006,250214162006,"Block Group 6, Census Tract 4162, Norfolk County, Massachusetts",$-,$**
1500000US250214164001,250214164001,"Block Group 1, Census Tract 4164, Norfolk County, Massachusetts",$-,$**
1500000US250214164002,250214164002,"Block Group 2, Census Tract 4164, Norfolk County, Massachusetts",$-,$**
1500000US250214164003,250214164003,"Block Group 3, Census Tract 4164, Norfolk County, Massachusetts",$-,$**
1500000US250214164005,250214164005,"Block Group 5, Census Tract 4164, Norfolk County, Massachusetts",$-,$**
1500000US250214164006,250214164006,"Block Group 6, Census Tract 4164, Norfolk County, Massachusetts",$-,$**
1500000US250214164007,250214164007,"Block Group 7, Census Tract 4164, Norfolk County, Massachusetts",$-,$**
1500000US250214174001,250214174001,"Block Group 1, Census Tract 4174, Norfolk County, Massachusetts",$-,$**
1500000US250214177021,250214177021,"Block Group 1, Census Tract 4177.02, Norfolk County, Massachusetts",$-,$**
1500000US250214177023,250214177023,"Block Group 3, Census Tract 4177.02, Norfolk County, Massachusetts",$-,$**
1500000US250214178011,250214178011,"Block Group 1, Census Tract 4178.01, Norfolk County, Massachusetts",$-,$**
1500000US250214178012,250214178012,"Block Group 2, Census Tract 4178.01, Norfolk County, Massachusetts",$-,$**
1500000US250214194002,250214194002,"Block Group 2, Census Tract 4194, Norfolk County, Massachusetts",$-,$**
1500000US250214196003,250214196003,"Block Group 3, Census Tract 4196, Norfolk County, Massachusetts",$-,$**
1500000US250214196004,250214196004,"Block Group 4, Census Tract 4196, Norfolk County, Massachusetts",$-,$**
1500000US250214201001,250214201001,"Block Group 1, Census Tract 4201, Norfolk County, Massachusetts",$-,$**
1500000US250214201002,250214201002,"Block Group 2, Census Tract 4201, Norfolk County, Massachusetts",$-,$**
1500000US250214201003,250214201003,"Block Group 3, Census Tract 4201, Norfolk County, Massachusetts",$-,$**
1500000US250214202011,250214202011,"Block Group 1, Census Tract 4202.01, Norfolk County, Massachusetts",$-,$**
1500000US250214203014,250214203014,"Block Group 4, Census Tract 4203.01, Norfolk County, Massachusetts",$-,$**
1500000US250214203023,250214203023,"Block Group 3, Census Tract 4203.02, Norfolk County, Massachusetts",$-,$**
1500000US250214211002,250214211002,"Block Group 2, Census Tract 4211, Norfolk County, Massachusetts",$-,$**
1500000US250214211004,250214211004,"Block Group 4, Census Tract 4211, Norfolk County, Massachusetts",$-,$**
1500000US250214212002,250214212002,"Block Group 2, Census Tract 4212, Norfolk County, Massachusetts",$-,$**
1500000US250214212003,250214212003,"Block Group 3, Census Tract 4212, Norfolk County, Massachusetts",$-,$**
1500000US250214212004,250214212004,"Block Group 4, Census Tract 4212, Norfolk County, Massachusetts",$-,$**
1500000US250214212005,250214212005,"Block Group 5, Census Tract 4212, Norfolk County, Massachusetts",$-,$**
1500000US250214221001,250214221001,"Block Group 1, Census Tract 4221, Norfolk County, Massachusetts",$-,$**
1500000US250214222002,250214222002,"Block Group 2, Census Tract 4222, Norfolk County, Massachusetts",$-,$**
1500000US250214222003,250214222003,"Block Group 3, Census Tract 4222, Norfolk County, Massachusetts",$-,$**
1500000US250214223011,250214223011,"Block Group 1, Census Tract 4223.01, Norfolk County, Massachusetts",$-,$**
1500000US250214223012,250214223012,"Block Group 2, Census Tract 4223.01, Norfolk County, Massachusetts",$-,$**
1500000US250214223021,250214223021,"Block Group 1, Census Tract 4223.02, Norfolk County, Massachusetts",$-,$**
1500000US250214225013,250214225013,"Block Group 3, Census Tract 4225.01, Norfolk County, Massachusetts",$-,$**
1500000US250214226001,250214226001,"Block Group 1, Census Tract 4226, Norfolk County, Massachusetts",$-,$**
1500000US250214226004,250214226004,"Block Group 4, Census Tract 4226, Norfolk County, Massachusetts",$-,$**
1500000US250214226005,250214226005,"Block Group 5, Census Tract 4226, Norfolk County, Massachusetts",$-,$**
1500000US250214226006,250214226006,"Block Group 6, Census Tract 4226, Norfolk County, Massachusetts",$-,$**
1500000US250214227004,250214227004,"Block Group 4, Census Tract 4227, Norfolk County, Massachusetts",$-,$**
1500000US250214231002,250214231002,"Block Group 2, Census Tract 4231, Norfolk County, Massachusetts",$-,$**
1500000US250214231005,250214231005,"Block Group 5, Census Tract 4231, Norfolk County, Massachusetts","$3,500+",$***
1500000US250214401001,250214401001,"Block Group 1, Census Tract 4401, Norfolk County, Massachusetts",$-,$**
1500000US250214421011,250214421011,"Block Group 1, Census Tract 4421.01, Norfolk County, Massachusetts",$-,$**
1500000US250214421023,250214421023,"Block Group 3, Census Tract 4421.02, Norfolk County, Massachusetts",$-,$**
1500000US250214421024,250214421024,"Block Group 4, Census Tract 4421.02, Norfolk County, Massachusetts",$-,$**
1500000US250214421031,250214421031,"Block Group 1, Census Tract 4421.03, Norfolk County, Massachusetts",$-,$**
1500000US250214421032,250214421032,"Block Group 2, Census Tract 4421.03, Norfolk County, Massachusetts",$-,$**
1500000US250214421033,250214421033,"Block Group 3, Census Tract 4421.03, Norfolk County, Massachusetts",$-,$**
1500000US250214422012,250214422012,"Block Group 2, Census Tract 4422.01, Norfolk County, Massachusetts",$-,$**
1500000US250214431023,250214431023,"Block Group 3, Census Tract 4431.02, Norfolk County, Massachusetts",$-,$**
1500000US250214561012,250214561012,"Block Group 2, Census Tract 4561.01, Norfolk County, Massachusetts",$-,$**
1500000US250214564021,250214564021,"Block Group 1, Census Tract 4564.02, Norfolk County, Massachusetts",$-,$**
1500000US250214564022,250214564022,"Block Group 2, Census Tract 4564.02, Norfolk County, Massachusetts",$-,$**
1500000US250214564023,250214564023,"Block Group 3, Census Tract 4564.02, Norfolk County, Massachusetts",$-,$**
1500000US250214564024,250214564024,"Block Group 4, Census Tract 4564.02, Norfolk County, Massachusetts",$-,$**
1500000US250214571001,250214571001,"Block Group 1, Census Tract 4571, Norfolk County, Massachusetts",$-,$**
1500000US250214572002,250214572002,"Block Group 2, Census Tract 4572, Norfolk County, Massachusetts",$-,$**
1500000US250214572004,250214572004,"Block Group 4, Census Tract 4572, Norfolk County, Massachusetts",$-,$**
1500000US250214572005,250214572005,"Block Group 5, Census Tract 4572, Norfolk County, Massachusetts",$-,$**
1500000US250250005024,250250005024,"Block Group 4, Census Tract 5.02, Suffolk County, Massachusetts",$-,$**
1500000US250250008032,250250008032,"Block Group 2, Census Tract 8.03, Suffolk County, Massachusetts",$-,$**
1500000US250250104051,250250104051,"Block Group 1, Census Tract 104.05, Suffolk County, Massachusetts",$-,$**
1500000US250250512001,250250512001,"Block Group 1, Census Tract 512, Suffolk County, Massachusetts",$-,$**
1500000US250250701015,250250701015,"Block Group 5, Census Tract 701.01, Suffolk County, Massachusetts",$-,$**
1500000US250251008001,250251008001,"Block Group 1, Census Tract 1008, Suffolk County, Massachusetts",$-,$**
1500000US250251010011,250251010011,"Block Group 1, Census Tract 1010.01, Suffolk County, Massachusetts",$-,$**
1500000US250251201051,250251201051,"Block Group 1, Census Tract 1201.05, Suffolk County, Massachusetts",$-,$**
1500000US250251301001,250251301001,"Block Group 1, Census Tract 1301, Suffolk County, Massachusetts",$-,$**
1500000US250251301003,250251301003,"Block Group 3, Census Tract 1301, Suffolk County, Massachusetts",$-,$**
1500000US250251301004,250251301004,"Block Group 4, Census Tract 1301, Suffolk County, Massachusetts",$-,$**
1500000US250251301006,250251301006,"Block Group 6, Census Tract 1301, Suffolk County, Massachusetts",$-,$**
1500000US250251303001,250251303001,"Block Group 1, Census Tract 1303, Suffolk County, Massachusetts",$-,$**
1500000US250251303003,250251303003,"Block Group 3, Census Tract 1303, Suffolk County, Massachusetts",$-,$**
1500000US250251303005,250251303005,"Block Group 5, Census Tract 1303, Suffolk County, Massachusetts",$-,$**
1500000US250251304024,250251304024,"Block Group 4, Census Tract 1304.02, Suffolk County, Massachusetts",$-,$**
1500000US250251304043,250251304043,"Block Group 3, Census Tract 1304.04, Suffolk County, Massachusetts",$-,$**
1500000US250251402021,250251402021,"Block Group 1, Census Tract 1402.02, Suffolk County, Massachusetts",$-,$**
1500000US250251402025,250251402025,"Block Group 5, Census Tract 1402.02, Suffolk County, Massachusetts",$-,$**
1500000US250251403004,250251403004,"Block Group 4, Census Tract 1403, Suffolk County, Massachusetts",$-,$**
1500000US250251701006,250251701006,"Block Group 6, Census Tract 1701, Suffolk County, Massachusetts",$-,$**
1500000US250251702003,250251702003,"Block Group 3, Census Tract 1702, Suffolk County, Massachusetts",$-,$**
1500000US250251703007,250251703007,"Block Group 7, Census Tract 1703, Suffolk County, Massachusetts",$-,$**
1500000US250251707022,250251707022,"Block Group 2, Census Tract 1707.02, Suffolk County, Massachusetts",$-,$**
1500000US250259801011,250259801011,"Block Group 1, Census Tract 9801.01, Suffolk County, Massachusetts",$-,$**
1500000US250259803001,250259803001,"Block Group 1, Census Tract 9803, Suffolk County, Massachusetts",$-,$**
1500000US250259807001,250259807001,"Block Group 1, Census Tract 9807, Suffolk County, Massachusetts",$-,$**
1500000US250259810001,250259810001,"Block Group 1, Census Tract 9810, Suffolk County, Massachusetts",$-,$**
1500000US250259811001,250259811001,"Block Group 1, Census Tract 9811, Suffolk County, Massachusetts",$-,$**
1500000US250259811002,250259811002,"Block Group 2, Census Tract 9811, Suffolk County, Massachusetts",$-,$**
1500000US250259811003,250259811003,"Block Group 3, Census Tract 9811, Suffolk County, Massachusetts",$-,$**
1500000US250259812011,250259812011,"Block Group 1, Census Tract 9812.01, Suffolk County, Massachusetts",$-,$**
1500000US250259812021,250259812021,"Block Group 1, Census Tract 9812.02, Suffolk County, Massachusetts",$-,$**
1500000US250259813001,250259813001,"Block Group 1, Census Tract 9813, Suffolk County, Massachusetts",$-,$**
1500000US250259815011,250259815011,"Block Group 1, Census Tract 9815.01, Suffolk County, Massachusetts",$-,$**
1500000US250259815021,250259815021,"Block Group 1, Census Tract 9815.02, Suffolk County, Massachusetts",$-,$**
1500000US250259816001,250259816001,"Block Group 1, Census Tract 9816, Suffolk County, Massachusetts",$-,$**
1500000US250259817001,250259817001,"Block Group 1, Census Tract 9817, Suffolk County, Massachusetts",$-,$**
1500000US250259818001,250259818001,"Block Group 1, Census Tract 9818, Suffolk County, Massachusetts",$-,$**
1500000US250259901010,250259901010,"Block Group 0, Census Tract 9901.01, Suffolk County, Massachusetts",$-,$**
